NAME,TYPE,MATERIAL,APERTYPE,L,AT_ENTRY,AT_CENTER,AT_EXIT,TILT,K1,K2,K3,K4,K5,K6,K7,K8,K9,K10,K11,K12,K1S,K2S,K3S,K4S,K5S,K6S,K7S,K8S,K9S,K10S,K11S,K12S,B,E,E1,E2,HGAP,FINT,FINTX,APERTURE1,APERTURE2,APERTURE3,APERTURE4,ENTRY_X,ENTRY_Y,ENTRY_Z,CENTER_X,CENTER_Y,CENTER_Z,EXIT_X,EXIT_Y,EXIT_Z,CLASS,APERTURE,ANGLE,MATRIX,WITH_LOSSES,KICK,APERTURE_UP,APERTURE_DOWN,CHAMBER,CHAMBER_UP,CHAMBER_DOWN,n_particles
DRIFT_PMQ1,drift,G4_STAINLESS-STEEL,circular,0.09700000286102295 meter,0.0,0.048500001430511475,0.09700000286102295,0.0 radian,0.0 / meter ** 2,0.0 / meter ** 3,0.0,0.0,0.0,0.0,0.0,0.0,0.0,0.0,0.0,0.0,0.0 / meter ** 2,0.0,0.0,0.0,0.0,0.0,0.0,0.0,0.0,0.0,0.0,0.0,0.0 tesla,0.0,0.0 radian,0.0 radian,0.0 meter,0.0,0.0,0.02975 meter,0.02975 meter,0.025,0.025,0.0,0.0,0.0,0.0,0.0,0.0485,0.0,0.0,0.097,Drift,"[<Quantity(0.02975, 'meter')>, <Quantity(0.02975, 'meter')>]",0.0 radian,"[[1. 1. 1. 1. 1. 1.]
 [1. 1. 1. 1. 1. 1.]
 [1. 1. 1. 1. 1. 1.]
 [1. 1. 1. 1. 1. 1.]
 [1. 1. 1. 1. 1. 1.]
 [1. 1. 1. 1. 1. 1.]]",False,,0.02975,0.02975,0,0,0,1000000
PMQ1,quadrupole,G4_Fe,circular,0.20600000023841858 meter,0.09700000286102295,0.20000000298023224,0.30300000309944153,0.0 radian,7.537189960479736 / meter ** 2,0.0 / meter ** 3,0.0,0.0,0.0,0.0,0.0,0.0,0.0,0.0,0.0,0.0,0.0 / meter ** 2,0.0,0.0,0.0,0.0,0.0,0.0,0.0,0.0,0.0,0.0,0.0,0.0 tesla,0.0,0.0 radian,0.0 radian,0.0 meter,0.0,0.0,0.02975 meter,0.02975 meter,0.025,0.025,0.0,0.0,0.097000004,0.0,0.0,0.20000000399999998,0.0,0.0,0.303000004,Quadrupole,"[<Quantity(0.02975, 'meter')>, <Quantity(0.02975, 'meter')>]",0.0 radian,"[[1. 1. 1. 1. 1. 1.]
 [1. 1. 1. 1. 1. 1.]
 [1. 1. 1. 1. 1. 1.]
 [1. 1. 1. 1. 1. 1.]
 [1. 1. 1. 0. 0. 0.]
 [0. 0. 0. 0. 0. 0.]]",False,,0.02975,0.02975,0,0,0,1000000
DRIFT_PMQ2,drift,G4_STAINLESS-STEEL,circular,0.03400000184774399 meter,0.3030000105500221,0.3200000114738941,0.3370000123977661,0.0 radian,0.0 / meter ** 2,0.0 / meter ** 3,0.0,0.0,0.0,0.0,0.0,0.0,0.0,0.0,0.0,0.0,0.0 / meter ** 2,0.0,0.0,0.0,0.0,0.0,0.0,0.0,0.0,0.0,0.0,0.0,0.0 tesla,0.0,0.0 radian,0.0 radian,0.0 meter,0.0,0.0,0.02975 meter,0.02975 meter,0.025,0.025,0.0,0.0,0.303000008,0.0,0.0,0.320000008,0.0,0.0,0.33700000799999996,Drift,"[<Quantity(0.02975, 'meter')>, <Quantity(0.02975, 'meter')>]",0.0 radian,"[[0. 0. 0. 0. 0. 0.]
 [0. 0. 0. 0. 0. 0.]
 [0. 0. 0. 0. 0. 0.]
 [0. 0. 0. 0. 0. 0.]
 [0. 0. 0. 0. 0. 0.]
 [0. 0. 0. 0. 0. 0.]]",False,,0.02975,0.02975,0,0,0,1000000
PMQ2,quadrupole,G4_Fe,circular,0.20600000023841858 meter,0.3369999825954437,0.439999982714653,0.5429999828338623,0.0 radian,7.537189960479736 / meter ** 2,0.0 / meter ** 3,0.0,0.0,0.0,0.0,0.0,0.0,0.0,0.0,0.0,0.0,0.0 / meter ** 2,0.0,0.0,0.0,0.0,0.0,0.0,0.0,0.0,0.0,0.0,0.0,0.0 tesla,0.0,0.0 radian,0.0 radian,0.0 meter,0.0,0.0,0.02975 meter,0.02975 meter,0.025,0.025,0.0,0.0,0.33700001199999996,0.0,0.0,0.440000012,0.0,0.0,0.5430000119999999,Quadrupole,"[<Quantity(0.02975, 'meter')>, <Quantity(0.02975, 'meter')>]",0.0 radian,"[[0. 0. 0. 0. 0. 0.]
 [0. 0. 0. 0. 0. 0.]
 [0. 0. 0. 0. 0. 0.]
 [0. 0. 0. 0. 0. 0.]
 [0. 0. 0. 0. 0. 0.]
 [0. 0. 0. 0. 0. 0.]]",False,,0.02975,0.02975,0,0,0,999970
DRIFT_Q1C,drift,G4_STAINLESS-STEEL,circular,0.3815000057220459 meter,0.5429999828338623,0.7337499856948853,0.9244999885559082,0.0 radian,0.0 / meter ** 2,0.0 / meter ** 3,0.0,0.0,0.0,0.0,0.0,0.0,0.0,0.0,0.0,0.0,0.0 / meter ** 2,0.0,0.0,0.0,0.0,0.0,0.0,0.0,0.0,0.0,0.0,0.0,0.0 tesla,0.0,0.0 radian,0.0 radian,0.0 meter,0.0,0.0,0.02975 meter,0.02975 meter,0.025,0.025,0.0,0.0,0.5430000159999999,0.0,0.0,0.733750016,0.0,0.0,0.924500016,Drift,"[<Quantity(0.02975, 'meter')>, <Quantity(0.02975, 'meter')>]",0.0 radian,"[[0. 0. 0. 0. 0. 0.]
 [0. 0. 0. 0. 0. 0.]
 [0. 0. 0. 0. 0. 0.]
 [0. 0. 0. 0. 0. 0.]
 [0. 0. 0. 0. 0. 0.]
 [0. 0. 0. 0. 0. 0.]]",False,,0.02975,0.02975,0,0,0,996830
Q1C,quadrupole,G4_Fe,circular,0.28999999165534973 meter,0.9244999587535858,1.0694999545812607,1.2144999504089355,0.0 radian,-8.08862590789795 / meter ** 2,0.0 / meter ** 3,0.0,0.0,0.0,0.0,0.0,0.0,0.0,0.0,0.0,0.0,0.0 / meter ** 2,0.0,0.0,0.0,0.0,0.0,0.0,0.0,0.0,0.0,0.0,0.0,0.0 tesla,0.0,0.0 radian,0.0 radian,0.0 meter,0.0,0.0,0.02975 meter,0.02975 meter,0.025,0.025,0.0,0.0,0.92450002,0.0,0.0,1.06950002,0.0,0.0,1.21450002,Quadrupole,"[<Quantity(0.02975, 'meter')>, <Quantity(0.02975, 'meter')>]",0.0 radian,"[[0. 0. 0. 0. 0. 0.]
 [0. 0. 0. 0. 0. 0.]
 [0. 0. 0. 0. 0. 0.]
 [0. 0. 0. 0. 0. 0.]
 [0. 0. 0. 0. 0. 0.]
 [0. 0. 0. 0. 0. 0.]]",False,,0.02975,0.02975,0,0,0,992120
DRIFT_SL1E,drift,G4_STAINLESS-STEEL,circular,0.125 meter,1.2144999504089355,1.2769999504089355,1.3394999504089355,0.0 radian,0.0 / meter ** 2,0.0 / meter ** 3,0.0,0.0,0.0,0.0,0.0,0.0,0.0,0.0,0.0,0.0,0.0 / meter ** 2,0.0,0.0,0.0,0.0,0.0,0.0,0.0,0.0,0.0,0.0,0.0,0.0 tesla,0.0,0.0 radian,0.0 radian,0.0 meter,0.0,0.0,0.02975 meter,0.02975 meter,0.025,0.025,0.0,0.0,1.214500024,0.0,0.0,1.277000024,0.0,0.0,1.339500024,Drift,"[<Quantity(0.02975, 'meter')>, <Quantity(0.02975, 'meter')>]",0.0 radian,"[[0. 0. 0. 0. 0. 0.]
 [0. 0. 0. 0. 0. 0.]
 [0. 0. 0. 0. 0. 0.]
 [0. 0. 0. 0. 0. 0.]
 [0. 0. 0. 0. 0. 0.]
 [0. 0. 0. 0. 0. 0.]]",False,,0.02975,0.02975,0,0,0,967040
SL1E,rcol,G4_Ni,rectangular,0.05999999865889549 meter,1.3395000137388706,1.3695000130683184,1.3995000123977661,0.0 radian,0.0 / meter ** 2,0.0 / meter ** 3,0.0,0.0,0.0,0.0,0.0,0.0,0.0,0.0,0.0,0.0,0.0 / meter ** 2,0.0,0.0,0.0,0.0,0.0,0.0,0.0,0.0,0.0,0.0,0.0,0.0 tesla,0.0,0.0 radian,0.0 radian,0.0 meter,0.0,0.0,0.018403476909968054 meter,0.0275 meter,0.0,0.0,0.0,0.0,1.339500028,0.0,0.0,1.369500028,0.0,0.0,1.3995000279999998,RectangularCollimator,"[<Quantity(0.018403476909968054, 'meter')>, <Quantity(0.0275, 'meter')>]",0.0 radian,"[[0. 0. 0. 0. 0. 0.]
 [0. 0. 0. 0. 0. 0.]
 [0. 0. 0. 0. 0. 0.]
 [0. 0. 0. 0. 0. 0.]
 [0. 0. 0. 0. 0. 0.]
 [0. 0. 0. 0. 0. 0.]]",False,,0.0275,0.0275,0,0,0,617590
DRIFT_Q2C,drift,G4_STAINLESS-STEEL,circular,0.12349999696016312 meter,1.3995000049471855,1.461250003427267,1.5230000019073486,0.0 radian,0.0 / meter ** 2,0.0 / meter ** 3,0.0,0.0,0.0,0.0,0.0,0.0,0.0,0.0,0.0,0.0,0.0 / meter ** 2,0.0,0.0,0.0,0.0,0.0,0.0,0.0,0.0,0.0,0.0,0.0,0.0 tesla,0.0,0.0 radian,0.0 radian,0.0 meter,0.0,0.0,0.02975 meter,0.02975 meter,0.025,0.025,0.0,0.0,1.399500032,0.0,0.0,1.461250032,0.0,0.0,1.5230000320000001,Drift,"[<Quantity(0.02975, 'meter')>, <Quantity(0.02975, 'meter')>]",0.0 radian,"[[0. 0. 0. 0. 0. 0.]
 [0. 0. 0. 0. 0. 0.]
 [0. 0. 0. 0. 0. 0.]
 [0. 0. 0. 0. 0. 0.]
 [0. 0. 0. 0. 0. 0.]
 [0. 0. 0. 0. 0. 0.]]",False,,0.02975,0.02975,0,0,0,617590
Q2C,quadrupole,G4_Fe,circular,0.49000000953674316 meter,1.5230000019073486,1.7680000066757202,2.013000011444092,0.0 radian,6.739919185638428 / meter ** 2,0.0 / meter ** 3,0.0,0.0,0.0,0.0,0.0,0.0,0.0,0.0,0.0,0.0,0.0 / meter ** 2,0.0,0.0,0.0,0.0,0.0,0.0,0.0,0.0,0.0,0.0,0.0,0.0 tesla,0.0,0.0 radian,0.0 radian,0.0 meter,0.0,0.0,0.02975 meter,0.02975 meter,0.025,0.025,0.0,0.0,1.5230000360000002,0.0,0.0,1.768000036,0.0,0.0,2.013000036,Quadrupole,"[<Quantity(0.02975, 'meter')>, <Quantity(0.02975, 'meter')>]",0.0 radian,"[[0. 0. 0. 0. 0. 0.]
 [0. 0. 0. 0. 0. 0.]
 [0. 0. 0. 0. 0. 0.]
 [0. 0. 0. 0. 0. 0.]
 [0. 0. 0. 0. 0. 0.]
 [0. 0. 0. 0. 0. 0.]]",False,,0.02975,0.02975,0,0,0,617590
DRIFT_WINDOW_EXTR,drift,G4_STAINLESS-STEEL,circular,0.11105000227689743 meter,2.013000138103962,2.0685251392424107,2.1240501403808594,0.0 radian,0.0 / meter ** 2,0.0 / meter ** 3,0.0,0.0,0.0,0.0,0.0,0.0,0.0,0.0,0.0,0.0,0.0 / meter ** 2,0.0,0.0,0.0,0.0,0.0,0.0,0.0,0.0,0.0,0.0,0.0,0.0 tesla,0.0,0.0 radian,0.0 radian,0.0 meter,0.0,0.0,1 meter,1 meter,0.025,0.025,0.0,0.0,2.01300004,0.0,0.0,2.06852504,0.0,0.0,2.12405004,Drift,"[<Quantity(1, 'meter')>, <Quantity(1, 'meter')>]",0.0 radian,"[[0. 0. 0. 0. 0. 0.]
 [0. 0. 0. 0. 0. 0.]
 [0. 0. 0. 0. 0. 0.]
 [0. 0. 0. 0. 0. 0.]
 [0. 0. 0. 0. 0. 0.]
 [0. 0. 0. 0. 0. 0.]]",False,,1.0,1.0,0,0,0,617590
WINDOW_EXTR,element,<class 'georges.fermi.materials.Titanium'>,circular,0.00010000000474974513 meter,2.124049799342174,2.124099799344549,2.124149799346924,0.0 radian,0.0 / meter ** 2,0.0 / meter ** 3,0.0,0.0,0.0,0.0,0.0,0.0,0.0,0.0,0.0,0.0,0.0 / meter ** 2,0.0,0.0,0.0,0.0,0.0,0.0,0.0,0.0,0.0,0.0,0.0,0.0 tesla,0.0,0.0 radian,0.0 radian,0.0 meter,0.0,0.0,1 meter,1 meter,0.0,0.0,0.0,0.0,2.124050044,0.0,0.0,2.1241000440000004,0.0,0.0,2.124150044,Scatterer,"[<Quantity(1, 'meter')>, <Quantity(1, 'meter')>]",0.0 radian,"[[0. 0. 0. 0. 0. 0.]
 [0. 0. 0. 0. 0. 0.]
 [0. 0. 0. 0. 0. 0.]
 [0. 0. 0. 0. 0. 0.]
 [0. 0. 0. 0. 0. 0.]
 [0. 0. 0. 0. 0. 0.]]",False,,1.0,1.0,0,0,0,617590
DRIFT_P1E,gap,<class 'georges.fermi.materials.Air'>,circular,0.12675000727176666 meter,2.1241497844457626,2.187524788081646,2.2508997917175293,0.0 radian,0.0 / meter ** 2,0.0 / meter ** 3,0.0,0.0,0.0,0.0,0.0,0.0,0.0,0.0,0.0,0.0,0.0 / meter ** 2,0.0,0.0,0.0,0.0,0.0,0.0,0.0,0.0,0.0,0.0,0.0,0.0 tesla,0.0,0.0 radian,0.0 radian,0.0 meter,0.0,0.0,1 meter,1 meter,0.0,0.0,0.0,0.0,2.124150048,0.0,0.0,2.187525048,0.0,0.0,2.250900048,Degrader,"[<Quantity(1, 'meter')>, <Quantity(1, 'meter')>]",0.0 radian,"[[0. 0. 0. 0. 0. 0.]
 [0. 0. 0. 1. 1. 1.]
 [1. 1. 1. 1. 1. 1.]
 [1. 1. 1. 1. 1. 1.]
 [1. 1. 1. 1. 1. 1.]
 [1. 1. 1. 1. 1. 1.]]",False,,1.0,1.0,0,0,0,617590
DRIFT_BEFORE_P1E,gap,<class 'georges.fermi.materials.Air'>,circular,0.024602959660276716 meter,2.2508997917175293,2.263201271547668,2.275502751377806,0.0,0.0,0.0,0.0,0.0,0.0,0.0,0.0,0.0,0.0,0.0,0.0,0.0,0.0,0.0,0.0,0.0,0.0,0.0,0.0,0.0,0.0,0.0,0.0,0.0,0.0,0.0,0.0,0.0,0.0,0.0,0.0,1 meter,1 meter,0.0,0.0,0.0,0.0,0.0,0.0,0.0,0.0,0.0,0.0,0.0,Degrader,"[<Quantity(1, 'meter')>, <Quantity(1, 'meter')>]",0.0,0.0,False,,1.0,1.0,0,0,0,617590
P1E,degrader,<class 'georges.fermi.materials.Beryllium'>,circular,0.15579408067944656 meter,2.275502751377806,2.3533997917175293,2.4312968320572526,0 radian,0.0 / meter ** 2,0.0 / meter ** 3,0.0,0.0,0.0,0.0,0.0,0.0,0.0,0.0,0.0,0.0,0.0 / meter ** 2,0.0,0.0,0.0,0.0,0.0,0.0,0.0,0.0,0.0,0.0,0.0,0.0 tesla,0.0,0.0 radian,0.0 radian,0.0 meter,0.0,0.0,1 meter,1 meter,0.0,0.0,0.0,-0.229,2.250900052,0.0,-0.229,2.353400052,0.0,-0.229,2.455900052,Degrader,"[<Quantity(1, 'meter')>, <Quantity(1, 'meter')>]",0.0 radian,"[[1. 1. 1. 1. 1. 1.]
 [1. 1. 1. 1. 1. 1.]
 [1. 1. 1. 1. 1. 1.]
 [1. 1. 1. 1. 1. 1.]
 [1. 1. 1. 1. 1. 1.]
 [1. 1. 1. 1. 1. 1.]]",False,,1.0,1.0,0,0,0,617590
DRIFT_AFTER_P1E,gap,<class 'georges.fermi.materials.Air'>,circular,0.024602959660276716 meter,2.4312968320572526,2.443598311887391,2.4558997917175294,0.0,0.0,0.0,0.0,0.0,0.0,0.0,0.0,0.0,0.0,0.0,0.0,0.0,0.0,0.0,0.0,0.0,0.0,0.0,0.0,0.0,0.0,0.0,0.0,0.0,0.0,0.0,0.0,0.0,0.0,0.0,0.0,1 meter,1 meter,0.0,0.0,0.0,0.0,0.0,0.0,0.0,0.0,0.0,0.0,0.0,Degrader,"[<Quantity(1, 'meter')>, <Quantity(1, 'meter')>]",0.0,0.0,False,,1.0,1.0,0,0,0,617590
DRIFT_WINDOW_IN,gap,<class 'georges.fermi.materials.Air'>,circular,0.01954999938607216 meter,2.45590003952384,2.465675039216876,2.475450038909912,0.0 radian,0.0 / meter ** 2,0.0 / meter ** 3,0.0,0.0,0.0,0.0,0.0,0.0,0.0,0.0,0.0,0.0,0.0 / meter ** 2,0.0,0.0,0.0,0.0,0.0,0.0,0.0,0.0,0.0,0.0,0.0,0.0 tesla,0.0,0.0 radian,0.0 radian,0.0 meter,0.0,0.0,1 meter,1 meter,0.0,0.0,0.0,0.0,2.455900056,0.0,0.0,2.4656750560000003,0.0,0.0,2.4754500559999997,Degrader,"[<Quantity(1, 'meter')>, <Quantity(1, 'meter')>]",0.0 radian,"[[0. 0. 0. 0. 0. 0.]
 [0. 0. 0. 0. 0. 0.]
 [0. 0. 0. 0. 0. 0.]
 [0. 0. 0. 0. 0. 0.]
 [0. 0. 0. 0. 0. 0.]
 [0. 0. 0. 0. 0. 0.]]",False,,1.0,1.0,0,0,0,617590
WINDOW_IN,element,<class 'georges.fermi.materials.Titanium'>,circular,0.00010000000474974513 meter,2.475449936289806,2.475499936292181,2.4755499362945557,0.0 radian,0.0 / meter ** 2,0.0 / meter ** 3,0.0,0.0,0.0,0.0,0.0,0.0,0.0,0.0,0.0,0.0,0.0 / meter ** 2,0.0,0.0,0.0,0.0,0.0,0.0,0.0,0.0,0.0,0.0,0.0,0.0 tesla,0.0,0.0 radian,0.0 radian,0.0 meter,0.0,0.0,1 meter,1 meter,0.0,0.0,0.0,0.0,2.4754500599999996,0.0,0.0,2.47550006,0.0,0.0,2.4755500599999998,Scatterer,"[<Quantity(1, 'meter')>, <Quantity(1, 'meter')>]",0.0 radian,"[[0. 0. 0. 0. 0. 0.]
 [0. 0. 0. 0. 0. 0.]
 [0. 0. 0. 0. 0. 0.]
 [0. 0. 0. 0. 0. 0.]
 [0. 0. 0. 0. 0. 0.]
 [0. 0. 0. 0. 0. 0.]]",False,,1.0,1.0,0,0,0,617590
ROT_DEG,srotation,0.0,circular,0.0 meter,2.4755499362945557,2.4755499362945557,2.4755499362945557,0.0,0.0,0.0,0.0,0.0,0.0,0.0,0.0,0.0,0.0,0.0,0.0,0.0,0.0,0.0,0.0,0.0,0.0,0.0,0.0,0.0,0.0,0.0,0.0,0.0,0.0,0.0,0.0,0.0,0.0,0.0,0.0,1 meter,1 meter,0.0,0.0,0.0,0.0,0.0,0.0,0.0,0.0,0.0,0.0,0.0,SRotation,"[<Quantity(1, 'meter')>, <Quantity(1, 'meter')>]",1.5707963267948966 radian,0.0,False,,1.0,1.0,0,0,0,617590
COL,ecol,G4_Ta,circular,0.054999999701976776 meter,2.475550003349781,2.5030500032007694,2.530550003051758,0.0 radian,0.0 / meter ** 2,0.0 / meter ** 3,0.0,0.0,0.0,0.0,0.0,0.0,0.0,0.0,0.0,0.0,0.0 / meter ** 2,0.0,0.0,0.0,0.0,0.0,0.0,0.0,0.0,0.0,0.0,0.0,0.0 tesla,0.0,0.0 radian,0.0 radian,0.0 meter,0.0,0.0,0.005 meter,0.005 meter,0.0,0.0,0.0,0.0,2.4755500639999997,0.0,0.0,2.5030500639999995,0.0,0.0,2.5305500639999994,CircularCollimator,"[<Quantity(0.005, 'meter')>, <Quantity(0.005, 'meter')>]",0.0 radian,"[[0. 0. 0. 0. 0. 0.]
 [0. 0. 0. 0. 0. 0.]
 [0. 0. 0. 0. 0. 0.]
 [0. 0. 0. 0. 0. 0.]
 [0. 0. 0. 0. 0. 0.]
 [0. 0. 0. 0. 0. 0.]]",False,,0.005,0.005,0,0,0,247588
DRIFT_T1G_X,drift,G4_STAINLESS-STEEL,circular,0.3929949998855591 meter,2.5305498838424683,2.727047383785248,2.9235448837280273,0.0 radian,0.0 / meter ** 2,0.0 / meter ** 3,0.0,0.0,0.0,0.0,0.0,0.0,0.0,0.0,0.0,0.0,0.0 / meter ** 2,0.0,0.0,0.0,0.0,0.0,0.0,0.0,0.0,0.0,0.0,0.0,0.0 tesla,0.0,0.0 radian,0.0 radian,0.0 meter,0.0,0.0,0.02975 meter,0.02975 meter,0.025,0.025,0.0,0.0,2.5305500679999997,0.0,0.0,2.7270475679999997,0.0,0.0,2.9235450679999992,Drift,"[<Quantity(0.02975, 'meter')>, <Quantity(0.02975, 'meter')>]",0.0 radian,"[[0. 0. 0. 0. 0. 0.]
 [0. 0. 0. 0. 0. 0.]
 [0. 0. 0. 0. 0. 0.]
 [0. 0. 0. 0. 0. 0.]
 [0. 0. 0. 0. 0. 0.]
 [0. 0. 0. 0. 0. 0.]]",False,,0.02975,0.02975,0,0,0,247005
T1G_X_centre,hkicker,G4_Fe,circular,0.20910000801086426 meter,2.9235451221466064,3.0280951261520386,3.1326451301574707,0.0 radian,0.0 / meter ** 2,0.0 / meter ** 3,0.0,0.0,0.0,0.0,0.0,0.0,0.0,0.0,0.0,0.0,0.0 / meter ** 2,0.0,0.0,0.0,0.0,0.0,0.0,0.0,0.0,0.0,0.0,0.0,0.0 tesla,0.0,0.0 radian,0.0 radian,0.0 meter,0.0,0.0,0.02975 meter,0.02975 meter,0.025,0.025,0.0,0.0,2.9235450719999996,0.0,0.0,3.0280950719999997,0.0,0.0,3.1326450719999994,Drift,"[<Quantity(0.02975, 'meter')>, <Quantity(0.02975, 'meter')>]",0.0 radian,"[[0. 0. 0. 0. 0. 0.]
 [0. 0. 0. 0. 0. 0.]
 [0. 0. 0. 0. 0. 0.]
 [0. 0. 0. 0. 0. 0.]
 [0. 0. 0. 0. 0. 0.]
 [0. 0. 0. 0. 0. 0.]]",False,,0.02975,0.02975,0,0,0,220821
DRIFT_T2G_Y,drift,G4_STAINLESS-STEEL,circular,0.020899999886751175 meter,3.1326449029147625,3.143094902858138,3.1535449028015137,0.0 radian,0.0 / meter ** 2,0.0 / meter ** 3,0.0,0.0,0.0,0.0,0.0,0.0,0.0,0.0,0.0,0.0,0.0 / meter ** 2,0.0,0.0,0.0,0.0,0.0,0.0,0.0,0.0,0.0,0.0,0.0,0.0 tesla,0.0,0.0 radian,0.0 radian,0.0 meter,0.0,0.0,0.02975 meter,0.02975 meter,0.025,0.025,0.0,0.0,3.1326450759999993,0.0,0.0,3.143095076,0.0,0.0,3.1535450759999994,Drift,"[<Quantity(0.02975, 'meter')>, <Quantity(0.02975, 'meter')>]",0.0 radian,"[[0. 0. 0. 0. 0. 0.]
 [0. 0. 0. 0. 0. 0.]
 [0. 0. 0. 0. 0. 0.]
 [0. 0. 0. 0. 0. 0.]
 [0. 0. 0. 0. 0. 0.]
 [0. 0. 0. 0. 0. 0.]]",False,,0.02975,0.02975,0,0,0,216220
T2G_Y_centre,vkicker,G4_Fe,circular,0.20910000801086426 meter,3.1535449028015137,3.258094906806946,3.362644910812378,0.0 radian,0.0 / meter ** 2,0.0 / meter ** 3,0.0,0.0,0.0,0.0,0.0,0.0,0.0,0.0,0.0,0.0,0.0 / meter ** 2,0.0,0.0,0.0,0.0,0.0,0.0,0.0,0.0,0.0,0.0,0.0,0.0 tesla,0.0,0.0 radian,0.0 radian,0.0 meter,0.0,0.0,0.02975 meter,0.02975 meter,0.025,0.025,0.0,0.0,3.1535450799999993,0.0,0.0,3.2580950799999995,0.0,0.0,3.362645079999999,Drift,"[<Quantity(0.02975, 'meter')>, <Quantity(0.02975, 'meter')>]",0.0 radian,"[[0. 0. 0. 0. 0. 0.]
 [0. 0. 0. 0. 0. 0.]
 [0. 0. 0. 0. 0. 0.]
 [0. 0. 0. 0. 0. 0.]
 [0. 0. 0. 0. 0. 0.]
 [0. 0. 0. 0. 0. 0.]]",False,,0.02975,0.02975,0,0,0,168647
DRIFT_Q1G,drift,G4_STAINLESS-STEEL,circular,0.08785500377416611 meter,3.3626450076699257,3.4065725095570087,3.450500011444092,0.0 radian,0.0 / meter ** 2,0.0 / meter ** 3,0.0,0.0,0.0,0.0,0.0,0.0,0.0,0.0,0.0,0.0,0.0 / meter ** 2,0.0,0.0,0.0,0.0,0.0,0.0,0.0,0.0,0.0,0.0,0.0,0.0 tesla,0.0,0.0 radian,0.0 radian,0.0 meter,0.0,0.0,0.02975 meter,0.02975 meter,0.025,0.025,0.0,0.0,3.3626450839999995,0.0,0.0,3.4065725839999996,0.0,0.0,3.4505000839999997,Drift,"[<Quantity(0.02975, 'meter')>, <Quantity(0.02975, 'meter')>]",0.0 radian,"[[0. 0. 0. 0. 0. 0.]
 [0. 0. 0. 0. 0. 0.]
 [0. 0. 0. 0. 0. 0.]
 [0. 0. 0. 0. 0. 0.]
 [0. 0. 0. 0. 0. 0.]
 [0. 0. 0. 0. 0. 0.]]",False,,0.02975,0.02975,0,0,0,150611
Q1G,quadrupole,G4_Fe,circular,0.296999990940094 meter,3.450499951839447,3.598999947309494,3.747499942779541,0.0 radian,-5.3574517513141755 / meter ** 2,0.0 / meter ** 3,0.0,0.0,0.0,0.0,0.0,0.0,0.0,0.0,0.0,0.0,0.0 / meter ** 2,0.0,0.0,0.0,0.0,0.0,0.0,0.0,0.0,0.0,0.0,0.0,0.0 tesla,0.0,0.0 radian,0.0 radian,0.0 meter,0.0,0.0,0.02975 meter,0.02975 meter,0.025,0.025,0.0,0.0,3.4505000879999996,0.0,0.0,3.599000088,0.0,0.0,3.747500088,Quadrupole,"[<Quantity(0.02975, 'meter')>, <Quantity(0.02975, 'meter')>]",0.0 radian,"[[0. 0. 0. 0. 0. 0.]
 [0. 0. 0. 0. 0. 0.]
 [0. 0. 0. 0. 0. 0.]
 [0. 0. 0. 0. 0. 0.]
 [0. 0. 0. 0. 0. 0.]
 [0. 0. 0. 0. 0. 0.]]",False,,0.02975,0.02975,0,0,0,107166
DRIFT_Q2G,drift,G4_STAINLESS-STEEL,circular,0.30300000309944153 meter,3.7474999129772186,3.8989999145269394,4.05049991607666,0.0 radian,0.0 / meter ** 2,0.0 / meter ** 3,0.0,0.0,0.0,0.0,0.0,0.0,0.0,0.0,0.0,0.0,0.0 / meter ** 2,0.0,0.0,0.0,0.0,0.0,0.0,0.0,0.0,0.0,0.0,0.0,0.0 tesla,0.0,0.0 radian,0.0 radian,0.0 meter,0.0,0.0,0.02975 meter,0.02975 meter,0.025,0.025,0.0,0.0,3.7475000919999997,0.0,0.0,3.899000091999999,0.0,0.0,4.050500091999999,Drift,"[<Quantity(0.02975, 'meter')>, <Quantity(0.02975, 'meter')>]",0.0 radian,"[[0. 0. 0. 0. 0. 0.]
 [0. 0. 0. 0. 0. 0.]
 [0. 0. 0. 0. 0. 0.]
 [0. 0. 0. 0. 0. 0.]
 [0. 0. 0. 0. 0. 0.]
 [0. 0. 0. 0. 0. 0.]]",False,,0.02975,0.02975,0,0,0,78258
Q2G,quadrupole,G4_Fe,circular,0.296999990940094 meter,4.050499856472015,4.198999851942062,4.347499847412109,0.0 radian,4.278230226037832 / meter ** 2,0.0 / meter ** 3,0.0,0.0,0.0,0.0,0.0,0.0,0.0,0.0,0.0,0.0,0.0 / meter ** 2,0.0,0.0,0.0,0.0,0.0,0.0,0.0,0.0,0.0,0.0,0.0,0.0 tesla,0.0,0.0 radian,0.0 radian,0.0 meter,0.0,0.0,0.02975 meter,0.02975 meter,0.025,0.025,0.0,0.0,4.050500095999999,0.0,0.0,4.199000095999999,0.0,0.0,4.347500095999999,Quadrupole,"[<Quantity(0.02975, 'meter')>, <Quantity(0.02975, 'meter')>]",0.0 radian,"[[0. 0. 0. 0. 0. 0.]
 [0. 0. 0. 0. 0. 0.]
 [0. 0. 0. 0. 0. 0.]
 [1. 1. 1. 1. 1. 1.]
 [1. 1. 1. 1. 1. 1.]
 [1. 1. 1. 1. 1. 1.]]",False,,0.02975,0.02975,0,0,0,69883
DRIFT_P1G,drift,G4_STAINLESS-STEEL,circular,0.17576000094413757 meter,4.347499638795853,4.4353796392679214,4.52325963973999,0.0 radian,0.0 / meter ** 2,0.0 / meter ** 3,0.0,0.0,0.0,0.0,0.0,0.0,0.0,0.0,0.0,0.0,0.0 / meter ** 2,0.0,0.0,0.0,0.0,0.0,0.0,0.0,0.0,0.0,0.0,0.0,0.0 tesla,0.0,0.0 radian,0.0 radian,0.0 meter,0.0,0.0,0.02975 meter,0.02975 meter,0.025,0.025,0.0,0.0,4.3475000999999995,0.0,0.0,4.4353801,0.0,0.0,4.5232601,Drift,"[<Quantity(0.02975, 'meter')>, <Quantity(0.02975, 'meter')>]",0.0 radian,"[[1. 1. 1. 1. 1. 1.]
 [1. 1. 1. 1. 1. 1.]
 [1. 1. 1. 1. 1. 1.]
 [1. 1. 1. 1. 1. 1.]
 [1. 1. 1. 1. 1. 1.]
 [1. 1. 1. 1. 1. 1.]]",False,,0.02975,0.02975,0,0,0,69665
DRIFT_SL1G,drift,G4_STAINLESS-STEEL,circular,0.02143000066280365 meter,4.52326013147831,4.5339751318097115,4.544690132141113,0.0 radian,0.0 / meter ** 2,0.0 / meter ** 3,0.0,0.0,0.0,0.0,0.0,0.0,0.0,0.0,0.0,0.0,0.0 / meter ** 2,0.0,0.0,0.0,0.0,0.0,0.0,0.0,0.0,0.0,0.0,0.0,0.0 tesla,0.0,0.0 radian,0.0 radian,0.0 meter,0.0,0.0,0.02975 meter,0.02975 meter,0.025,0.025,0.0,0.0,4.523260104,0.0,0.0,4.5339751040000005,0.0,0.0,4.544690104,Drift,"[<Quantity(0.02975, 'meter')>, <Quantity(0.02975, 'meter')>]",0.0 radian,"[[1. 1. 1. 1. 1. 1.]
 [1. 1. 1. 0. 0. 0.]
 [0. 0. 0. 0. 0. 0.]
 [0. 0. 0. 0. 0. 0.]
 [0. 0. 0. 0. 0. 0.]
 [0. 0. 0. 0. 0. 0.]]",False,,0.02975,0.02975,0,0,0,69628
SL1G,rcol,G4_Ni,rectangular,0.05999999865889549 meter,4.544690076261759,4.5746900755912066,4.604690074920654,0.0 radian,0.0 / meter ** 2,0.0 / meter ** 3,0.0,0.0,0.0,0.0,0.0,0.0,0.0,0.0,0.0,0.0,0.0 / meter ** 2,0.0,0.0,0.0,0.0,0.0,0.0,0.0,0.0,0.0,0.0,0.0,0.0 tesla,0.0,0.0 radian,0.0 radian,0.0 meter,0.0,0.0,0.02749994999991909 meter,0.0275 meter,0.0,0.0,0.0,0.0,4.544690108000001,0.0,0.0,4.574690108,0.0,0.0,4.604690108000001,RectangularCollimator,"[<Quantity(0.02749994999991909, 'meter')>, <Quantity(0.0275, 'meter')>]",0.0 radian,"[[0. 0. 0. 0. 0. 0.]
 [0. 0. 0. 0. 0. 0.]
 [0. 0. 0. 0. 0. 0.]
 [0. 0. 0. 0. 0. 0.]
 [0. 0. 0. 0. 0. 0.]
 [0. 0. 0. 0. 0. 0.]]",False,,0.0275,0.0275,0,0,0,69097
DRIFT_SL2G,drift,G4_STAINLESS-STEEL,circular,0.009999999776482582 meter,4.6046898271888494,4.609689827077091,4.614689826965332,0.0 radian,0.0 / meter ** 2,0.0 / meter ** 3,0.0,0.0,0.0,0.0,0.0,0.0,0.0,0.0,0.0,0.0,0.0 / meter ** 2,0.0,0.0,0.0,0.0,0.0,0.0,0.0,0.0,0.0,0.0,0.0,0.0 tesla,0.0,0.0 radian,0.0 radian,0.0 meter,0.0,0.0,0.02975 meter,0.02975 meter,0.025,0.025,0.0,0.0,4.604690112000001,0.0,0.0,4.609690112000001,0.0,0.0,4.614690112000002,Drift,"[<Quantity(0.02975, 'meter')>, <Quantity(0.02975, 'meter')>]",0.0 radian,"[[0. 0. 0. 0. 0. 0.]
 [0. 0. 0. 0. 0. 0.]
 [0. 0. 0. 0. 0. 0.]
 [0. 0. 0. 0. 0. 0.]
 [0. 0. 0. 0. 0. 0.]
 [0. 0. 0. 0. 0. 0.]]",False,,0.02975,0.02975,0,0,0,68936
SL2G,rcol,G4_Ni,rectangular,0.05999999865889549 meter,4.6146897710859776,4.644689770415425,4.674689769744873,0.0 radian,0.0 / meter ** 2,0.0 / meter ** 3,0.0,0.0,0.0,0.0,0.0,0.0,0.0,0.0,0.0,0.0,0.0 / meter ** 2,0.0,0.0,0.0,0.0,0.0,0.0,0.0,0.0,0.0,0.0,0.0,0.0 tesla,0.0,0.0 radian,0.0 radian,0.0 meter,0.0,0.0,0.0275 meter,0.01220693670969945 meter,0.0,0.0,0.0,0.0,4.614690116000003,0.0,0.0,4.644690116000002,0.0,0.0,4.6746901160000025,RectangularCollimator,"[<Quantity(0.0275, 'meter')>, <Quantity(0.01220693670969945, 'meter')>]",0.0 radian,"[[0. 0. 0. 0. 0. 0.]
 [0. 0. 0. 0. 0. 0.]
 [0. 0. 0. 0. 0. 0.]
 [0. 0. 0. 0. 0. 0.]
 [0. 0. 0. 0. 0. 0.]
 [0. 0. 0. 0. 0. 0.]]",False,,0.01220693670969945,0.01220693670969945,0,0,0,40274
DRIFT_B1G,drift,G4_STAINLESS-STEEL,circular,0.3974504768848419 meter,4.674690216779709,4.87341545522213,5.072140693664551,0.0 radian,0.0 / meter ** 2,0.0 / meter ** 3,0.0,0.0,0.0,0.0,0.0,0.0,0.0,0.0,0.0,0.0,0.0 / meter ** 2,0.0,0.0,0.0,0.0,0.0,0.0,0.0,0.0,0.0,0.0,0.0,0.0 tesla,0.0,0.0 radian,0.0 radian,0.0 meter,0.0,0.0,0.02975 meter,0.02975 meter,0.025,0.025,0.0,0.0,4.674690120000003,0.0,0.0,4.8734153598587024,0.0,0.0,5.072140599717402,Drift,"[<Quantity(0.02975, 'meter')>, <Quantity(0.02975, 'meter')>]",0.0 radian,"[[0. 0. 0. 0. 0. 0.]
 [0. 0. 0. 0. 0. 0.]
 [0. 0. 0. 0. 0. 0.]
 [0. 0. 0. 0. 0. 0.]
 [0. 0. 0. 0. 0. 0.]
 [0. 0. 0. 0. 0. 0.]]",False,,0.02975,0.02975,0,0,0,40274
B1G,sbend,G4_Fe,rectangular,1.047197586622417 meter,5.072140448961079,5.595739242272288,6.119338035583496,0.0 radian,0.0 / meter ** 2,0.0 / meter ** 3,0.0,0.0,0.0,0.0,0.0,0.0,0.0,0.0,0.0,0.0,0.0 / meter ** 2,0.0,0.0,0.0,0.0,0.0,0.0,0.0,0.0,0.0,0.0,0.0,1.0507746934890747 tesla,0.0,0.3141592741012573 radian,0.3141592741012573 radian,0.0 meter,0.0,0.0,0.049 meter,0.022 meter,0.025,0.025,-2.148846774732485e-17,0.3509333101149811,6.036322046992771,-2.148846971529424e-17,0.35093334225436024,6.036322085294994,-2.1488471683263637e-17,0.3509333743937395,6.036322123597218,SBend,"[<Quantity(0.049, 'meter')>, <Quantity(0.022, 'meter')>]",0.6981317007977318 radian,"[[0. 0. 0. 0. 0. 0.]
 [0. 0. 0. 0. 0. 0.]
 [0. 0. 0. 0. 0. 0.]
 [0. 0. 0. 0. 0. 0.]
 [0. 0. 0. 0. 0. 0.]
 [0. 0. 0. 0. 0. 0.]]",False,,0.022,0.022,0,0,0,40266
DRIFT_Q3G,drift,G4_STAINLESS-STEEL,circular,0.2643992602825165 meter,6.119337826967239,6.251537457108498,6.383737087249756,0.0 radian,0.0 / meter ** 2,0.0 / meter ** 3,0.0,0.0,0.0,0.0,0.0,0.0,0.0,0.0,0.0,0.0,0.0 / meter ** 2,0.0,0.0,0.0,0.0,0.0,0.0,0.0,0.0,0.0,0.0,0.0,0.0 tesla,0.0,0.0 radian,0.0 radian,0.0 meter,0.0,0.0,0.02975 meter,0.02975 meter,0.025,0.025,-2.1488471840701197e-17,0.3509333769648899,6.036322126661395,-2.669176833922202e-17,0.4359096575078769,6.137592914283794,-3.189506483774284e-17,0.5208859380508638,6.238863701906191,Drift,"[<Quantity(0.02975, 'meter')>, <Quantity(0.02975, 'meter')>]",0.0 radian,"[[0. 0. 0. 0. 0. 0.]
 [0. 0. 0. 0. 0. 0.]
 [0. 0. 0. 0. 0. 0.]
 [0. 0. 0. 0. 0. 0.]
 [0. 0. 0. 0. 0. 0.]
 [0. 0. 0. 0. 0. 0.]]",False,,0.02975,0.02975,0,0,0,40142
Q3G,quadrupole,G4_Fe,circular,0.28999999165534973 meter,6.383737534284592,6.5287375301122665,6.673737525939941,0.0 radian,3.5806147014407514 / meter ** 2,0.0 / meter ** 3,0.0,0.0,0.0,0.0,0.0,0.0,0.0,0.0,0.0,0.0,0.0 / meter ** 2,0.0,0.0,0.0,0.0,0.0,0.0,0.0,0.0,0.0,0.0,0.0,0.0 tesla,0.0,0.0 radian,0.0 radian,0.0 meter,0.0,0.0,0.02975 meter,0.02975 meter,0.025,0.025,-3.18950649951804e-17,0.5208859406220142,6.2388637049703695,-3.760217646350334e-17,0.6140901440265625,6.349940149222622,-4.330928793182629e-17,0.7072943474311107,6.461016593474873,Quadrupole,"[<Quantity(0.02975, 'meter')>, <Quantity(0.02975, 'meter')>]",0.0 radian,"[[0. 0. 0. 0. 0. 0.]
 [0. 0. 0. 0. 0. 0.]
 [0. 0. 0. 0. 0. 0.]
 [0. 0. 0. 0. 0. 0.]
 [0. 0. 0. 0. 0. 0.]
 [0. 0. 0. 0. 0. 0.]]",False,,0.02975,0.02975,0,0,0,40117
DRIFT_P2G,drift,G4_STAINLESS-STEEL,circular,0.0756460502743721 meter,6.673737399280071,6.711560424417257,6.749383449554443,0.0 radian,0.0 / meter ** 2,0.0 / meter ** 3,0.0,0.0,0.0,0.0,0.0,0.0,0.0,0.0,0.0,0.0,0.0 / meter ** 2,0.0,0.0,0.0,0.0,0.0,0.0,0.0,0.0,0.0,0.0,0.0,0.0 tesla,0.0,0.0 radian,0.0 radian,0.0 meter,0.0,0.0,0.02975 meter,0.02975 meter,0.025,0.025,-4.330928808926385e-17,0.7072943500022612,6.461016596539051,-4.479797922055387e-17,0.7316065211903376,6.489990713896206,-4.628667035184388e-17,0.755918692378414,6.518964831253362,Drift,"[<Quantity(0.02975, 'meter')>, <Quantity(0.02975, 'meter')>]",0.0 radian,"[[0. 0. 0. 0. 0. 0.]
 [0. 0. 0. 0. 0. 0.]
 [0. 0. 0. 0. 0. 0.]
 [0. 0. 0. 0. 0. 0.]
 [0. 0. 0. 0. 0. 0.]
 [0. 0. 0. 0. 0. 0.]]",False,,0.02975,0.02975,0,0,0,40098
DRIFT_Q4G,drift,G4_STAINLESS-STEEL,circular,0.25035396218299866 meter,6.749383300542831,6.874560281634331,6.99973726272583,0.0 radian,0.0 / meter ** 2,0.0 / meter ** 3,0.0,0.0,0.0,0.0,0.0,0.0,0.0,0.0,0.0,0.0,0.0 / meter ** 2,0.0,0.0,0.0,0.0,0.0,0.0,0.0,0.0,0.0,0.0,0.0,0.0 tesla,0.0,0.0 radian,0.0 radian,0.0 meter,0.0,0.0,0.02975 meter,0.02975 meter,0.025,0.025,-4.6286670509281443e-17,0.7559186949495644,6.51896483431754,-5.1213559856175155e-17,0.8363809041403941,6.614855961188778,-5.614044920306888e-17,0.9168431133312238,6.710747088060016,Drift,"[<Quantity(0.02975, 'meter')>, <Quantity(0.02975, 'meter')>]",0.0 radian,"[[0. 0. 0. 0. 0. 0.]
 [0. 0. 0. 0. 0. 0.]
 [0. 0. 0. 0. 0. 0.]
 [0. 0. 0. 0. 0. 0.]
 [0. 0. 0. 0. 0. 0.]
 [0. 0. 0. 0. 0. 0.]]",False,,0.02975,0.02975,0,0,0,39664
Q4G,quadrupole,G4_Fe,circular,0.28999999165534973 meter,6.999737232923508,7.144737228751183,7.289737224578857,0.0 radian,-4.405306708402567 / meter ** 2,0.0 / meter ** 3,0.0,0.0,0.0,0.0,0.0,0.0,0.0,0.0,0.0,0.0,0.0 / meter ** 2,0.0,0.0,0.0,0.0,0.0,0.0,0.0,0.0,0.0,0.0,0.0,0.0 tesla,0.0,0.0 radian,0.0 radian,0.0 meter,0.0,0.0,0.02975 meter,0.02975 meter,0.025,0.025,-5.614044936050644e-17,0.9168431159023742,6.710747091124193,-6.184756082882937e-17,1.0100473193069224,6.821823535376446,-6.755467229715232e-17,1.1032515227114708,6.932899979628697,Quadrupole,"[<Quantity(0.02975, 'meter')>, <Quantity(0.02975, 'meter')>]",0.0 radian,"[[0. 0. 0. 0. 0. 0.]
 [0. 0. 0. 0. 0. 0.]
 [0. 0. 0. 0. 0. 0.]
 [0. 0. 0. 0. 0. 0.]
 [0. 0. 0. 1. 1. 1.]
 [1. 1. 1. 1. 1. 1.]]",False,,0.02975,0.02975,0,0,0,39403
DRIFT_T3G_Y,drift,G4_STAINLESS-STEEL,circular,0.33399954438209534 meter,7.289737313985825,7.456737086176872,7.62373685836792,0.0 radian,0.0 / meter ** 2,0.0 / meter ** 3,0.0,0.0,0.0,0.0,0.0,0.0,0.0,0.0,0.0,0.0,0.0 / meter ** 2,0.0,0.0,0.0,0.0,0.0,0.0,0.0,0.0,0.0,0.0,0.0,0.0 tesla,0.0,0.0 radian,0.0 radian,0.0 meter,0.0,0.0,0.02975 meter,0.02975 meter,0.025,0.025,-6.755467245458987e-17,1.1032515252826212,6.9328999826928746,-7.412768118202481e-17,1.210596904081003,7.060829223524234,-8.070068990945974e-17,1.3179422828793852,7.188758464355591,Drift,"[<Quantity(0.02975, 'meter')>, <Quantity(0.02975, 'meter')>]",0.0 radian,"[[1. 1. 1. 1. 1. 1.]
 [1. 1. 1. 1. 1. 1.]
 [1. 1. 1. 1. 1. 1.]
 [1. 1. 1. 1. 1. 1.]
 [1. 1. 1. 1. 1. 1.]
 [1. 1. 1. 1. 1. 1.]]",False,,0.02975,0.02975,0,0,0,38647
Q5G,quadrupole,G4_Fe,circular,0.49000000953674316 meter,7.623737096786499,7.868737101554871,8.113737106323242,0.0 radian,7.701142671754827 / meter ** 2,0.0 / meter ** 3,0.0,0.0,0.0,0.0,0.0,0.0,0.0,0.0,0.0,0.0,0.0 / meter ** 2,0.0,0.0,0.0,0.0,0.0,0.0,0.0,0.0,0.0,0.0,0.0,0.0 tesla,0.0,0.0 radian,0.0 radian,0.0 meter,0.0,0.0,0.02975 meter,0.02975 meter,0.025,0.025,-8.07006900668973e-17,1.3179422854505356,7.188758467419769,-9.034374047889124e-17,1.475425249823738,7.376439355983918,-9.998679089088518e-17,1.6329082141969402,7.564120244548069,Quadrupole,"[<Quantity(0.02975, 'meter')>, <Quantity(0.02975, 'meter')>]",0.0 radian,"[[1. 1. 1. 1. 1. 1.]
 [1. 1. 1. 1. 1. 1.]
 [1. 1. 1. 1. 1. 1.]
 [0. 0. 0. 0. 0. 0.]
 [0. 0. 0. 0. 0. 0.]
 [0. 0. 0. 0. 0. 0.]]",False,,0.02975,0.02975,0,0,0,36178
DRIFT_Q6G,drift,G4_STAINLESS-STEEL,circular,0.33500000834465027 meter,8.113737136125565,8.28123714029789,8.448737144470215,0.0 radian,0.0 / meter ** 2,0.0 / meter ** 3,0.0,0.0,0.0,0.0,0.0,0.0,0.0,0.0,0.0,0.0,0.0 / meter ** 2,0.0,0.0,0.0,0.0,0.0,0.0,0.0,0.0,0.0,0.0,0.0,0.0 tesla,0.0,0.0 radian,0.0 radian,0.0 meter,0.0,0.0,0.02975 meter,0.02975 meter,0.025,0.025,-9.998679104832273e-17,1.6329082167680906,7.564120247612246,-1.0657948877897167e-16,1.7405751413905863,7.692432691834675,-1.131721865096206e-16,1.848242066013082,7.820745136057105,Drift,"[<Quantity(0.02975, 'meter')>, <Quantity(0.02975, 'meter')>]",0.0 radian,"[[0. 0. 0. 0. 0. 0.]
 [0. 0. 0. 0. 0. 0.]
 [0. 0. 0. 0. 0. 0.]
 [0. 0. 0. 0. 0. 0.]
 [0. 0. 0. 0. 0. 0.]
 [0. 0. 0. 0. 0. 0.]]",False,,0.02975,0.02975,0,0,0,25565
Q6G,quadrupole,G4_Fe,circular,0.28999999165534973 meter,8.448737114667892,8.593737110495567,8.738737106323242,0.0 radian,-7.025209685137866 / meter ** 2,0.0 / meter ** 3,0.0,0.0,0.0,0.0,0.0,0.0,0.0,0.0,0.0,0.0,0.0 / meter ** 2,0.0,0.0,0.0,0.0,0.0,0.0,0.0,0.0,0.0,0.0,0.0,0.0 tesla,0.0,0.0 radian,0.0 radian,0.0 meter,0.0,0.0,0.02975 meter,0.02975 meter,0.025,0.025,-1.1317218666705816e-16,1.8482420685842325,7.820745139121283,-1.188792981353811e-16,1.9414462719887806,7.931821583373535,-1.2458640960370404e-16,2.0346504753933288,8.042898027625785,Quadrupole,"[<Quantity(0.02975, 'meter')>, <Quantity(0.02975, 'meter')>]",0.0 radian,"[[0. 0. 0. 0. 0. 0.]
 [0. 0. 0. 0. 0. 0.]
 [0. 0. 0. 0. 0. 0.]
 [0. 0. 0. 0. 0. 0.]
 [0. 0. 0. 0. 0. 0.]
 [0. 0. 0. 0. 0. 0.]]",False,,0.02975,0.02975,0,0,0,21776
DRIFT_T4G_Y,drift,G4_STAINLESS-STEEL,circular,0.1752738356590271 meter,8.738737165927887,8.8263740837574,8.914011001586914,0.0 radian,0.0 / meter ** 2,0.0 / meter ** 3,0.0,0.0,0.0,0.0,0.0,0.0,0.0,0.0,0.0,0.0,0.0 / meter ** 2,0.0,0.0,0.0,0.0,0.0,0.0,0.0,0.0,0.0,0.0,0.0,0.0 tesla,0.0,0.0 radian,0.0 radian,0.0 meter,0.0,0.0,0.02975 meter,0.02975 meter,0.025,0.025,-1.2458640976114157e-16,2.034650477964479,8.042898030689964,-1.2803574536541628e-16,2.0909824033273883,8.11003180511896,-1.3148508096969096e-16,2.147314328690297,8.177165579547955,Drift,"[<Quantity(0.02975, 'meter')>, <Quantity(0.02975, 'meter')>]",0.0 radian,"[[0. 0. 0. 0. 0. 0.]
 [0. 0. 0. 0. 0. 0.]
 [0. 0. 0. 0. 0. 0.]
 [0. 0. 0. 0. 0. 0.]
 [0. 0. 0. 0. 0. 0.]
 [0. 0. 0. 0. 0. 0.]]",False,,0.02975,0.02975,0,0,0,18420
DRIFT_Q7G,drift,G4_STAINLESS-STEEL,circular,0.18472616374492645 meter,8.914011552929878,9.006374634802341,9.098737716674805,0.0 radian,0.0 / meter ** 2,0.0 / meter ** 3,0.0,0.0,0.0,0.0,0.0,0.0,0.0,0.0,0.0,0.0,0.0 / meter ** 2,0.0,0.0,0.0,0.0,0.0,0.0,0.0,0.0,0.0,0.0,0.0,0.0 tesla,0.0,0.0 radian,0.0 radian,0.0 meter,0.0,0.0,0.02975 meter,0.02975 meter,0.025,0.025,-1.314850811271285e-16,2.1473143312614473,8.177165582612131,-1.3512043562146162e-16,2.2066841756421165,8.247919807944553,-1.3875579011579475e-16,2.266054020022785,8.318674033276976,Drift,"[<Quantity(0.02975, 'meter')>, <Quantity(0.02975, 'meter')>]",0.0 radian,"[[0. 0. 0. 0. 0. 0.]
 [0. 0. 0. 0. 0. 0.]
 [0. 0. 0. 0. 0. 0.]
 [0. 0. 0. 0. 0. 0.]
 [0. 0. 0. 0. 0. 0.]
 [0. 0. 0. 0. 0. 0.]]",False,,0.02975,0.02975,0,0,0,15301
Q7G,quadrupole,G4_Fe,circular,0.28999999165534973 meter,9.098737686872482,9.243737682700157,9.388737678527832,0.0 radian,5.080336387537763 / meter ** 2,0.0 / meter ** 3,0.0,0.0,0.0,0.0,0.0,0.0,0.0,0.0,0.0,0.0,0.0 / meter ** 2,0.0,0.0,0.0,0.0,0.0,0.0,0.0,0.0,0.0,0.0,0.0,0.0 tesla,0.0,0.0 radian,0.0 radian,0.0 meter,0.0,0.0,0.02975 meter,0.02975 meter,0.025,0.025,-1.387557902732323e-16,2.2660540225939356,8.318674036341154,-1.4446290174155526e-16,2.3592582259984844,8.429750480593405,-1.5017001320987818e-16,2.4524624294030324,8.540826924845659,Quadrupole,"[<Quantity(0.02975, 'meter')>, <Quantity(0.02975, 'meter')>]",0.0 radian,"[[0. 0. 0. 0. 0. 0.]
 [0. 0. 0. 0. 0. 0.]
 [0. 0. 0. 0. 0. 0.]
 [0. 0. 0. 0. 0. 0.]
 [0. 0. 0. 0. 0. 0.]
 [0. 0. 0. 0. 0. 0.]]",False,,0.02975,0.02975,0,0,0,13595
DRIFT_P3G,drift,G4_STAINLESS-STEEL,circular,0.11952058970928192 meter,9.38873727619648,9.44849757105112,9.508257865905762,0.0 radian,0.0 / meter ** 2,0.0 / meter ** 3,0.0,0.0,0.0,0.0,0.0,0.0,0.0,0.0,0.0,0.0,0.0 / meter ** 2,0.0,0.0,0.0,0.0,0.0,0.0,0.0,0.0,0.0,0.0,0.0,0.0 tesla,0.0,0.0 radian,0.0 radian,0.0 meter,0.0,0.0,0.02975 meter,0.02975 meter,0.025,0.025,-1.5017001336731574e-16,2.452462431974183,8.540826927909837,-1.5252214215011248e-16,2.4908756101155762,8.586605970962804,-1.548742709329092e-16,2.5292887882569697,8.632385014015771,Drift,"[<Quantity(0.02975, 'meter')>, <Quantity(0.02975, 'meter')>]",0.0 radian,"[[0. 0. 0. 0. 0. 0.]
 [0. 0. 0. 0. 0. 0.]
 [0. 0. 0. 0. 0. 0.]
 [0. 0. 0. 0. 0. 0.]
 [0. 0. 0. 0. 0. 0.]
 [0. 0. 0. 0. 0. 0.]]",False,,0.02975,0.02975,0,0,0,13595
DRIFT_SL3G,drift,G4_STAINLESS-STEEL,circular,0.046161916106939316 meter,9.508256647735834,9.531337605789304,9.554418563842773,0.0 radian,0.0 / meter ** 2,0.0 / meter ** 3,0.0,0.0,0.0,0.0,0.0,0.0,0.0,0.0,0.0,0.0,0.0 / meter ** 2,0.0,0.0,0.0,0.0,0.0,0.0,0.0,0.0,0.0,0.0,0.0,0.0 tesla,0.0,0.0 radian,0.0 radian,0.0 meter,0.0,0.0,0.02975 meter,0.02975 meter,0.025,0.025,-1.5487427109034677e-16,2.5292887908281205,8.63238501707995,-1.5578272346548173e-16,2.5441249440074283,8.650066055931667,-1.566911758406167e-16,2.5589610971867365,8.667747094783387,Drift,"[<Quantity(0.02975, 'meter')>, <Quantity(0.02975, 'meter')>]",0.0 radian,"[[0. 0. 0. 0. 0. 0.]
 [0. 0. 0. 0. 0. 0.]
 [0. 0. 0. 0. 0. 0.]
 [0. 0. 0. 0. 0. 0.]
 [0. 0. 0. 0. 0. 0.]
 [0. 0. 0. 0. 0. 0.]]",False,,0.02975,0.02975,0,0,0,13595
SL3G,rcol,G4_Ni,rectangular,0.05999999865889549 meter,9.554418984800577,9.584418984130025,9.614418983459473,0.0 radian,0.0 / meter ** 2,0.0 / meter ** 3,0.0,0.0,0.0,0.0,0.0,0.0,0.0,0.0,0.0,0.0,0.0 / meter ** 2,0.0,0.0,0.0,0.0,0.0,0.0,0.0,0.0,0.0,0.0,0.0,0.0 tesla,0.0,0.0 radian,0.0 radian,0.0 meter,0.0,0.0,0.02249999998960265 meter,0.0275 meter,0.0,0.0,-1.5669117599805424e-16,2.558961099757887,8.667747097847565,-1.5787195768115555e-16,2.578244728048483,8.690728431141135,-1.5905273936425684e-16,2.5975283563390796,8.713709764434704,RectangularCollimator,"[<Quantity(0.02249999998960265, 'meter')>, <Quantity(0.0275, 'meter')>]",0.0 radian,"[[0. 0. 0. 0. 0. 0.]
 [0. 0. 0. 0. 0. 0.]
 [0. 0. 0. 0. 0. 0.]
 [0. 0. 0. 0. 0. 0.]
 [0. 0. 0. 0. 0. 0.]
 [0. 0. 0. 0. 0. 0.]]",False,,0.0275,0.0275,0,0,0,11569
DRIFT_B2G,drift,G4_STAINLESS-STEEL,circular,0.30992743372917175 meter,9.614419490098953,9.76938320696354,9.924346923828125,0.0 radian,0.0 / meter ** 2,0.0 / meter ** 3,0.0,0.0,0.0,0.0,0.0,0.0,0.0,0.0,0.0,0.0,0.0 / meter ** 2,0.0,0.0,0.0,0.0,0.0,0.0,0.0,0.0,0.0,0.0,0.0,0.0 tesla,0.0,0.0 radian,0.0 radian,0.0 meter,0.0,0.0,0.02975 meter,0.02975 meter,0.025,0.025,-1.590527395216944e-16,2.59752835891023,8.713709767498882,-1.6515201675843085e-16,2.697137115344869,8.832418860833705,-1.7125129399516728e-16,2.7967458717795077,8.951127954168527,Drift,"[<Quantity(0.02975, 'meter')>, <Quantity(0.02975, 'meter')>]",0.0 radian,"[[0. 0. 0. 0. 0. 0.]
 [0. 0. 0. 0. 0. 0.]
 [0. 0. 0. 0. 0. 0.]
 [0. 0. 0. 0. 0. 0.]
 [0. 0. 0. 0. 0. 0.]
 [0. 0. 0. 0. 0. 0.]]",False,,0.02975,0.02975,0,0,0,11569
B2G,sbend,G4_Fe,rectangular,1.832595704820335 meter,9.924347044203103,10.84064489661327,11.756942749023438,0.0 radian,0.0 / meter ** 2,0.0 / meter ** 3,0.0,0.0,0.0,0.0,0.0,0.0,0.0,0.0,0.0,0.0,0.0 / meter ** 2,0.0,0.0,0.0,0.0,0.0,0.0,0.0,0.0,0.0,0.0,0.0,-1.0507746934890747 tesla,0.0,-0.1745329201221466 radian,-0.2617993950843811 radian,0.0 meter,0.0,0.0,0.049 meter,0.022 meter,0.025,0.025,-1.804343998694276e-16,2.946717371817788,10.665309372262405,-1.804343983386192e-16,2.9467173468177896,10.665309415563675,-1.8043439680781077e-16,2.9467173218177916,10.665309458864947,SBend,"[<Quantity(0.049, 'meter')>, <Quantity(0.022, 'meter')>]",-1.2217304763960306 radian,"[[0. 0. 0. 0. 0. 0.]
 [0. 0. 0. 0. 0. 0.]
 [0. 0. 0. 0. 0. 0.]
 [0. 0. 0. 0. 0. 0.]
 [0. 0. 0. 0. 0. 0.]
 [0. 0. 0. 0. 0. 0.]]",False,,0.022,0.022,0,0,0,11569
DRIFT_P4G,drift,G4_STAINLESS-STEEL,circular,0.21210914850234985 meter,11.756942212581635,11.86299678683281,11.969051361083984,0.0 radian,0.0 / meter ** 2,0.0 / meter ** 3,0.0,0.0,0.0,0.0,0.0,0.0,0.0,0.0,0.0,0.0,0.0 / meter ** 2,0.0,0.0,0.0,0.0,0.0,0.0,0.0,0.0,0.0,0.0,0.0,0.0 tesla,0.0,0.0 radian,0.0 radian,0.0 meter,0.0,0.0,0.02975 meter,0.02975 meter,0.025,0.025,-1.8043439668534608e-16,2.946717319817791,10.665309462329049,-1.7718741195088526e-16,2.89369003494314,10.757155413919374,-1.7394042721642442e-16,2.8406627500684887,10.849001365509698,Drift,"[<Quantity(0.02975, 'meter')>, <Quantity(0.02975, 'meter')>]",0.0 radian,"[[1. 1. 1. 1. 1. 1.]
 [1. 1. 1. 1. 1. 1.]
 [1. 1. 1. 1. 1. 1.]
 [1. 1. 1. 1. 1. 1.]
 [1. 1. 1. 1. 1. 1.]
 [1. 1. 1. 1. 1. 1.]]",False,,0.02975,0.02975,0,0,0,11569
DRIFT_SMX,drift,G4_STAINLESS-STEEL,circular,0.1056017354130745 meter,11.969051890075207,12.021852757781744,12.074653625488281,0.0 radian,0.0 / meter ** 2,0.0 / meter ** 3,0.0,0.0,0.0,0.0,0.0,0.0,0.0,0.0,0.0,0.0,0.0 / meter ** 2,0.0,0.0,0.0,0.0,0.0,0.0,0.0,0.0,0.0,0.0,0.0,0.0 tesla,0.0,0.0 radian,0.0 radian,0.0 meter,0.0,0.0,0.02975 meter,0.02975 meter,0.025,0.025,-1.7394042709395973e-16,2.8406627480684885,10.8490013689738,-1.7232386670836142e-16,2.814262313482388,10.894728263018825,-1.7070730632276306e-16,2.787861878896288,10.940455157063848,Drift,"[<Quantity(0.02975, 'meter')>, <Quantity(0.02975, 'meter')>]",0.0 radian,"[[1. 1. 1. 1. 1. 1.]
 [1. 1. 1. 1. 1. 1.]
 [1. 1. 1. 1. 1. 1.]
 [1. 1. 1. 1. 1. 1.]
 [1. 1. 1. 0. 0. 0.]
 [0. 0. 0. 0. 0. 0.]]",False,,0.02975,0.02975,0,0,0,11569
SMX_centre,hkicker,G4_Fe,circular,0.1589999943971634 meter,12.074653074145317,12.154153071343899,12.23365306854248,0.0 radian,0.0 / meter ** 2,0.0 / meter ** 3,0.0,0.0,0.0,0.0,0.0,0.0,0.0,0.0,0.0,0.0,0.0 / meter ** 2,0.0,0.0,0.0,0.0,0.0,0.0,0.0,0.0,0.0,0.0,0.0,0.0 tesla,0.0,0.0 radian,0.0 radian,0.0 meter,0.0,0.0,0.02975 meter,0.02975 meter,0.025,0.025,-1.7070730620029837e-16,2.787861876896288,10.94045516052795,-1.6827332068699302e-16,2.7481118768962878,11.009304180128813,-1.6583933517368767e-16,2.708361876896288,11.078153199729677,HKicker,"[<Quantity(0.02975, 'meter')>, <Quantity(0.02975, 'meter')>]",0.0 radian,"[[0. 0. 0. 0. 0. 0.]
 [0. 0. 0. 0. 0. 0.]
 [0. 0. 0. 0. 0. 0.]
 [0. 0. 0. 0. 0. 0.]
 [0. 0. 0. 0. 0. 0.]
 [0. 0. 0. 0. 0. 0.]]",False,0.0,0.02975,0.02975,0,0,0,11569
DRIFT_SMY,drift,G4_STAINLESS-STEEL,circular,0.13034619390964508 meter,12.233654126524925,12.298827223479748,12.36400032043457,0.0 radian,0.0 / meter ** 2,0.0 / meter ** 3,0.0,0.0,0.0,0.0,0.0,0.0,0.0,0.0,0.0,0.0,0.0 / meter ** 2,0.0,0.0,0.0,0.0,0.0,0.0,0.0,0.0,0.0,0.0,0.0,0.0 tesla,0.0,0.0 radian,0.0 radian,0.0 meter,0.0,0.0,0.02975 meter,0.02975 meter,0.025,0.025,-1.6583933505122298e-16,2.7083618748962874,11.078153203193779,-1.6384398447132205e-16,2.6757753269823885,11.134594759823932,-1.618486338914211e-16,2.6431887790684887,11.191036316454081,Drift,"[<Quantity(0.02975, 'meter')>, <Quantity(0.02975, 'meter')>]",0.0 radian,"[[0. 0. 0. 0. 0. 0.]
 [0. 0. 0. 0. 0. 0.]
 [0. 0. 0. 0. 0. 0.]
 [0. 0. 0. 0. 0. 0.]
 [0. 0. 0. 0. 0. 0.]
 [0. 0. 0. 0. 0. 0.]]",False,,0.02975,0.02975,0,0,0,11569
SMY_centre,vkicker,G4_Fe,circular,0.10899999737739563 meter,12.36399957537651,12.418499574065208,12.472999572753906,0.0 radian,0.0 / meter ** 2,0.0 / meter ** 3,0.0,0.0,0.0,0.0,0.0,0.0,0.0,0.0,0.0,0.0,0.0 / meter ** 2,0.0,0.0,0.0,0.0,0.0,0.0,0.0,0.0,0.0,0.0,0.0,0.0 tesla,0.0,0.0 radian,0.0 radian,0.0 meter,0.0,0.0,0.02975 meter,0.02975 meter,0.025,0.025,-1.618486337689564e-16,2.6431887770684885,11.191036319918183,-1.6018005250511817e-16,2.6159387770684885,11.238234704424434,-1.5851147124127987e-16,2.5886887770684885,11.285433088930688,VKicker,"[<Quantity(0.02975, 'meter')>, <Quantity(0.02975, 'meter')>]",0.0 radian,"[[0. 0. 0. 0. 0. 0.]
 [0. 0. 0. 0. 0. 0.]
 [0. 0. 0. 0. 0. 0.]
 [0. 0. 0. 0. 0. 0.]
 [0. 0. 0. 0. 0. 0.]
 [0. 0. 0. 0. 0. 0.]]",False,0.0,0.02975,0.02975,0,0,0,11569
DRIFT_B3G,drift,G4_STAINLESS-STEEL,circular,0.05543550103902817 meter,12.473000206053257,12.500717956572771,12.528435707092285,0.0 radian,0.0 / meter ** 2,0.0 / meter ** 3,0.0,0.0,0.0,0.0,0.0,0.0,0.0,0.0,0.0,0.0,0.0 / meter ** 2,0.0,0.0,0.0,0.0,0.0,0.0,0.0,0.0,0.0,0.0,0.0,0.0 tesla,0.0,0.0 radian,0.0 radian,0.0 meter,0.0,0.0,0.02975 meter,0.02975 meter,0.025,0.025,-1.5851147111881519e-16,2.5886887750684884,11.28543309239479,-1.5766285977143513e-16,2.574829900036587,11.30943736808579,-1.568142484240551e-16,2.560971025004686,11.33344164377679,Drift,"[<Quantity(0.02975, 'meter')>, <Quantity(0.02975, 'meter')>]",0.0 radian,"[[0. 0. 0. 0. 0. 0.]
 [0. 0. 0. 0. 0. 0.]
 [0. 0. 0. 0. 0. 0.]
 [0. 0. 0. 0. 0. 0.]
 [0. 0. 0. 0. 0. 0.]
 [0. 0. 0. 0. 0. 0.]]",False,,0.02975,0.02975,0,0,0,11569
B3G,sbend,none,circular,1.9447674751281738 meter,12.528284276580811,13.500668014144898,14.473051751708985,0 radian,0.0 / meter ** 2,0.0 / meter ** 3,0.0,0.0,0.0,0.0,0.0,0.0,0.0,0.0,0.0,0.0,0.0 / meter ** 2,0.0,0.0,0.0,0.0,0.0,0.0,0.0,0.0,0.0,0.0,0.0,0.0 tesla,0.0,0.0 radian,0.0 radian,0.0 meter,0.0,0.0,0.136 meter,0.09 meter,0.0,0.0,-1.568142483015904e-16,2.5609710230046856,11.333441647240893,-1.6443174658575143e-16,1.756816176133952,11.797720664551854,-1.7204924486991244e-16,0.9526613292632184,12.261999681862813,Matrix,"[<Quantity(0.136, 'meter')>, <Quantity(0.09, 'meter')>]",-1.0471975511965976 radian,"[[ 0.29064529  1.44146942  0.          0.         -0.90457592  0.        ]
 [-0.57848159  0.41595611  0.          0.         -0.8266604   0.        ]
 [ 0.          0.          1.00004327  1.93950266  0.          0.        ]
 [ 0.          0.         -0.00394471  0.78265352  0.          0.        ]
 [ 0.          0.          0.          0.          1.00054802  0.        ]
 [ 0.          0.          0.          0.          0.          1.        ]]",False,,0.09,0.09,0,0,0,11569
B3G_WINDOW,scatterer,<class 'georges.fermi.materials.Titanium'>,circular,0.00015 meter,14.473051751708985,14.473126751708984,14.473201751708984,0.0,0.0,0.0,0.0,0.0,0.0,0.0,0.0,0.0,0.0,0.0,0.0,0.0,0.0,0.0,0.0,0.0,0.0,0.0,0.0,0.0,0.0,0.0,0.0,0.0,0.0,0.0,0.0,0.0,0.0,0.0,0.0,0.136 meter,0.09 meter,0.0,0.0,0.0,0.0,0.0,0.0,0.0,0.0,0.0,0.0,0.0,Scatterer,"[<Quantity(0.136, 'meter')>, <Quantity(0.09, 'meter')>]",0.0,0.0,False,,0.09,0.09,0,0,0,11569
DRIFT_IC1,gap,<class 'georges.fermi.materials.Air'>,circular,9.999999974752427e-07 meter,14.47320265905762,14.473203159057618,14.473203659057617,0.0 radian,0.0 / meter ** 2,0.0 / meter ** 3,0.0,0.0,0.0,0.0,0.0,0.0,0.0,0.0,0.0,0.0,0.0 / meter ** 2,0.0,0.0,0.0,0.0,0.0,0.0,0.0,0.0,0.0,0.0,0.0,0.0 tesla,0.0,0.0 radian,0.0 radian,0.0 meter,0.0,0.0,1 meter,1 meter,0.0,0.0,-1.7204929005369782e-16,0.9526603212632185,12.261999681862813,-1.7204931246628979e-16,0.9526598212632186,12.261999681862813,-1.7204933487888175e-16,0.9526593212632185,12.261999681862813,Degrader,"[<Quantity(1, 'meter')>, <Quantity(1, 'meter')>]",0.0 radian,"[[0. 0. 0. 0. 0. 0.]
 [0. 0. 0. 0. 0. 0.]
 [0. 0. 0. 0. 0. 0.]
 [0. 0. 0. 0. 0. 0.]
 [0. 0. 0. 0. 0. 0.]
 [0. 0. 0. 0. 0. 0.]]",False,,1.0,1.0,0,0,0,11569
IC1,element,<class 'georges.fermi.materials.Air'>,circular,0.047147203236818314 meter,14.473204206675291,14.4967778082937,14.52035140991211,0.0 radian,0.0 / meter ** 2,0.0 / meter ** 3,0.0,0.0,0.0,0.0,0.0,0.0,0.0,0.0,0.0,0.0,0.0 / meter ** 2,0.0,0.0,0.0,0.0,0.0,0.0,0.0,0.0,0.0,0.0,0.0,0.0 tesla,0.0,0.0 radian,0.0 radian,0.0 meter,0.0,0.0,1 meter,1 meter,0.0,0.0,-1.7204933505818249e-16,0.9526593172632185,12.261999681862813,-1.7310602601372405e-16,0.9290857172632185,12.261999681862813,-1.7416271696926558e-16,0.9055121172632186,12.261999681862813,Degrader,"[<Quantity(1, 'meter')>, <Quantity(1, 'meter')>]",0.0 radian,"[[0. 0. 0. 0. 0. 0.]
 [0. 0. 0. 0. 0. 0.]
 [0. 0. 0. 0. 0. 0.]
 [0. 0. 0. 0. 0. 0.]
 [0. 0. 0. 0. 0. 0.]
 [0. 0. 0. 0. 0. 0.]]",False,,1.0,1.0,0,0,0,11569
DRIFT_IC2,gap,<class 'georges.fermi.materials.Air'>,circular,0.30085280537605286 meter,14.520351380109787,14.670777782797813,14.82120418548584,0.0 radian,0.0 / meter ** 2,0.0 / meter ** 3,0.0,0.0,0.0,0.0,0.0,0.0,0.0,0.0,0.0,0.0,0.0 / meter ** 2,0.0,0.0,0.0,0.0,0.0,0.0,0.0,0.0,0.0,0.0,0.0,0.0 tesla,0.0,0.0 radian,0.0 radian,0.0 meter,0.0,0.0,1 meter,1 meter,0.0,0.0,-1.7416271714856632e-16,0.9055121132632186,12.261999681862813,-1.8090560819425619e-16,0.7550857132632184,12.261999681862813,-1.876484992399461e-16,0.6046593132632181,12.261999681862813,Degrader,"[<Quantity(1, 'meter')>, <Quantity(1, 'meter')>]",0.0 radian,"[[0. 0. 0. 0. 0. 0.]
 [0. 0. 0. 0. 0. 0.]
 [0. 0. 0. 0. 0. 0.]
 [0. 0. 0. 0. 0. 0.]
 [0. 0. 0. 0. 0. 0.]
 [0. 0. 0. 0. 0. 0.]]",False,,1.0,1.0,0,0,0,11569
IC2,element,<class 'georges.fermi.materials.Air'>,circular,0.047147203236818314 meter,14.821204733103514,14.844778334721923,14.868351936340332,0.0 radian,0.0 / meter ** 2,0.0 / meter ** 3,0.0,0.0,0.0,0.0,0.0,0.0,0.0,0.0,0.0,0.0,0.0 / meter ** 2,0.0,0.0,0.0,0.0,0.0,0.0,0.0,0.0,0.0,0.0,0.0,0.0 tesla,0.0,0.0 radian,0.0 radian,0.0 meter,0.0,0.0,1 meter,1 meter,0.0,0.0,-1.8764849941924684e-16,0.6046593092632181,12.261999681862813,-1.887051903747884e-16,0.581085709263218,12.261999681862813,-1.8976188133032994e-16,0.5575121092632181,12.261999681862813,Degrader,"[<Quantity(1, 'meter')>, <Quantity(1, 'meter')>]",0.0 radian,"[[0. 0. 0. 0. 0. 0.]
 [0. 0. 0. 0. 0. 0.]
 [0. 0. 0. 0. 0. 0.]
 [0. 0. 0. 0. 0. 0.]
 [0. 0. 0. 0. 0. 0.]
 [0. 0. 0. 0. 0. 0.]]",False,,1.0,1.0,0,0,0,11569
DRIFT_ISO,gap,<class 'georges.fermi.materials.Air'>,circular,0.5575117468833923 meter,14.868351519107819,15.147107392549515,15.425863265991211,0.0 radian,0.0 / meter ** 2,0.0 / meter ** 3,0.0,0.0,0.0,0.0,0.0,0.0,0.0,0.0,0.0,0.0,0.0 / meter ** 2,0.0,0.0,0.0,0.0,0.0,0.0,0.0,0.0,0.0,0.0,0.0,0.0 tesla,0.0,0.0 radian,0.0 radian,0.0 meter,0.0,0.0,1 meter,1 meter,0.0,0.0,-1.8976188150963067e-16,0.5575121052632181,12.261999681862813,-2.022571637532972e-16,0.27875625526321784,12.261999681862813,-2.1475244599696369e-16,4.0526321754441596e-07,12.261999681862813,Degrader,"[<Quantity(1, 'meter')>, <Quantity(1, 'meter')>]",0.0 radian,"[[0. 0. 0. 0. 0. 0.]
 [0. 0. 0. 1. 1. 1.]
 [1. 1. 1. 1. 1. 1.]
 [1. 1. 1. 1. 1. 1.]
 [1. 1. 1. 1. 1. 1.]
 [1. 1. 1. 1. 1. 1.]]",False,,1.0,1.0,0,0,0,11569
